name,cuisine,servings,prep_time,cook_time,total_time,family,ingredients_str,steps_str,ingredient_set
Adobong Manok,Filipino,4-6,15 mins,45 mins,60 mins,adobo,"Chicken: 1 kg;Garlic: 8 cloves;Onions: 1 large;Salt: 1 tsp;Pepper: 1 tsp","1. Marinate chicken with garlic, salt, and pepper for 15 minutes.;2. Sauté onions until translucent.;3. Add chicken and brown on all sides.;4. Add water and simmer for 30 minutes until tender.;5. Reduce sauce until thick.;6. Serve hot with rice.","['pepper', 'salt', 'chicken', 'onion', 'garlic']"
Sinigang na Baboy,Filipino,6,20 mins,60 mins,80 mins,sinigang,"Pork: 1 kg;Tomato: 2 large;Onions: 1 large;WaterSpinach: 1 bundle;Okra: 10 pieces;Eggplant: 2;SilingLabuyo: 3 pieces;FishSauce: 2 tbsp","1. Boil pork in water for 10 minutes, skim scum.;2. Add tomatoes and onions, simmer for 40 minutes.;3. Season with fish sauce.;4. Add okra and eggplant, cook 7 minutes.;5. Add water spinach and chilies, cook 2 minutes.;6. Serve hot.","['eggplant', 'water', 'onion', 'pork', 'fish', 'chili', 'okra', 'tomato']"
Bicol Express,Bicolano,4-6,20 mins,30 mins,50 mins,bicol_express,"Pork: 500g;CoconutMilk: 2 cups;SilingLabuyo: 15 pieces;Garlic: 5 cloves;Onions: 1;Ginger: 1 thumb;Shrimp: 1/2 cup","1. Sauté garlic, onions, and ginger.;2. Add pork and brown.;3. Pour coconut milk and simmer 20 minutes.;4. Add shrimp and chilies, cook 7 minutes.;5. Reduce until thick and oily.;6. Serve with rice.","['shrimp', 'onion', 'ginger', 'pork', 'coconut_milk', 'garlic', 'chili']"
Pinakbet,Ilocano,4-6,20 mins,25 mins,45 mins,pinakbet,"Pork: 250g;Eggplant: 2;Okra: 10 pieces;BitterMelon: 1;Pumpkin: 2 cups;Tomato: 1;Garlic: 4 cloves;Onions: 1;Ginger: 1 thumb","1. Sauté garlic, onion, ginger, and tomato.;2. Add pork and cook until done.;3. Layer pumpkin and bitter melon with water, simmer 5 minutes.;4. Add eggplant and okra, simmer 10 minutes.;5. Mix gently.;6. Serve hot.","['eggplant', 'onion', 'ginger', 'pork', 'garlic', 'okra', 'tomato', 'pumpkin']"
Laing,Bicolano,4-6,15 mins,45 mins,60 mins,laing,"TaroLeaves: 2 cups;Pork: 200g;CoconutMilk: 4 cups;SilingLabuyo: 10 pieces;Garlic: 5 cloves;Onions: 1;Ginger: 1 thumb","1. Sauté garlic, onion, and ginger.;2. Add pork and brown.;3. Pour 2 cups coconut milk and boil.;4. Add taro leaves and chilies, DO NOT STIR, simmer 20 minutes.;5. Stir and add remaining coconut milk, simmer 20 minutes.;6. Serve hot.","['onion', 'ginger', 'pork', 'coconut_milk', 'garlic', 'chili', 'taro']"
Tinolang Manok,Filipino,4-6,15 mins,40 mins,55 mins,tinola,"Chicken: 1 kg;Ginger: 1 thumb;Garlic: 4 cloves;Onions: 1;Papaya: 2 cups;Pechay: 1 bundle;FishSauce: 3 tbsp;Pepper: 1 tsp","1. Sauté ginger, garlic, and onion.;2. Add chicken and cook until color changes.;3. Add water and fish sauce, boil then simmer 25 minutes.;4. Add papaya and cook 7 minutes.;5. Add pechay and pepper, cook 2 minutes.;6. Serve hot.","['pepper', 'chicken', 'onion', 'ginger', 'fish', 'garlic', 'pechay', 'papaya']"
Ginataang Manok,Filipino,4-6,15 mins,40 mins,55 mins,ginataan,"Chicken: 1 kg;CoconutMilk: 2 cups;Garlic: 5 cloves;Onions: 1;Ginger: 1 thumb;FishSauce: 2 tbsp;Pechay: 1 bundle;SilingLabuyo: 4 pieces;Papaya: 1 cup","1. Sauté garlic, onion, and ginger.;2. Brown chicken pieces.;3. Pour coconut milk, add fish sauce, simmer 25 minutes.;4. Add papaya, cook 5 minutes.;5. Add pechay and chilies, cook 2 minutes.;6. Serve hot.","['chicken', 'onion', 'ginger', 'coconut_milk', 'fish', 'garlic', 'chili', 'pechay', 'papaya']"
Ginataang Hipon,Filipino,4,10 mins,15 mins,25 mins,ginataan,"Shrimp: 500g;CoconutMilk: 2 cups;Eggplant: 1;Garlic: 4 cloves;Onions: 1;Ginger: 1 thumb;SilingLabuyo: 5 pieces;FishSauce: 2 tbsp;Tanglad: 2 stalks","1. Sauté garlic, onion, and ginger.;2. Add shrimp and cook until pink.;3. Pour coconut milk, add tanglad, simmer 5 minutes.;4. Add eggplant, simmer 5 minutes.;5. Add fish sauce and chilies, cook 2 minutes.;6. Remove tanglad and serve.","['eggplant', 'shrimp', 'lemongrass', 'onion', 'ginger', 'coconut_milk', 'fish', 'garlic', 'chili']"
Adobong Pusit,Filipino,4,10 mins,20 mins,30 mins,adobo,"Squid: 1 kg;Garlic: 6 cloves;Onions: 1;Pepper: 1 tsp","1. Sauté garlic and onion.;2. Add squid and cook 2 minutes.;3. Add water and pepper, DO NOT STIR for 2 minutes.;4. Simmer 15 minutes until tender.;5. Reduce sauce if needed.;6. Serve hot.","['pepper', 'garlic', 'onion', 'squid']"
Sinigang na Hipon,Filipino,4,15 mins,20 mins,35 mins,sinigang,"Shrimp: 500g;Tomato: 2;Onions: 1;FishSauce: 2 tbsp;WaterSpinach: 1 bundle;Okra: 10 pieces;Eggplant: 1;SilingLabuyo: 2 pieces","1. Boil water, add tomato and onion.;2. Add okra and eggplant, cook 5 minutes.;3. Season with fish sauce.;4. Add shrimp, cook 4 minutes until pink.;5. Add water spinach and chilies, cook 1 minute.;6. Serve hot.","['eggplant', 'shrimp', 'water', 'onion', 'fish', 'chili', 'okra', 'tomato']"
Ginataang Alimasag,Bicolano,4,15 mins,25 mins,40 mins,ginataan,"Crab: 2 large;Pork: 250g;CoconutMilk: 2 cups;SilingLabuyo: 10 pieces;Garlic: 5 cloves;Onions: 1;Ginger: 1 thumb","1. Sauté garlic, onion, and ginger.;2. Add pork and brown.;3. Add crab pieces, cook 3 minutes.;4. Pour coconut milk, simmer 15 minutes.;5. Add chilies, simmer 5 minutes.;6. Serve hot.","['onion', 'ginger', 'pork', 'coconut_milk', 'crab', 'garlic', 'chili']"
Ginataang Puso ng Saging,Filipino,4,15 mins,25 mins,40 mins,ginataan,"CoconutMilk: 2 cups;Shrimp: 1/2 cup;Pork: 200g;Garlic: 4 cloves;Onions: 1;Ginger: 1 thumb;SilingLabuyo: 5 pieces","1. Sauté garlic, onion, and ginger.;2. Add pork and shrimp, cook until done.;3. Pour coconut milk, simmer 15 minutes.;4. Add chilies, cook 2 minutes.;5. Adjust seasoning.;6. Serve hot.","['shrimp', 'onion', 'ginger', 'pork', 'coconut_milk', 'garlic', 'chili']"
Ginataang Kalabasa,Filipino,4,10 mins,20 mins,30 mins,ginataan,"Pumpkin: 2 cups;Shrimp: 1/2 cup;CoconutMilk: 2 cups;Garlic: 4 cloves;Onions: 1;Ginger: 1 thumb;FishSauce: 2 tbsp","1. Sauté garlic, onion, and ginger.;2. Add shrimp, cook until pink.;3. Add pumpkin, cook 3 minutes.;4. Pour coconut milk, simmer 10 minutes.;5. Season with fish sauce.;6. Serve hot.","['shrimp', 'onion', 'ginger', 'coconut_milk', 'fish', 'garlic', 'pumpkin']"
Adobong Kangkong,Filipino,4,5 mins,10 mins,15 mins,adobo,"WaterSpinach: 1 bundle;Garlic: 5 cloves;Onions: 1;Pepper: 1/2 tsp","1. Sauté garlic and onion.;2. Add kangkong stems, cook 2 minutes.;3. Add water and pepper, DO NOT STIR for 1 minute.;4. Add kangkong leaves, cook 2 minutes.;5. Mix well.;6. Serve immediately.","['pepper', 'water', 'onion', 'garlic']"
Ginataang Tilapia,Filipino,4,10 mins,20 mins,30 mins,ginataan,"Fish: 4 pieces;CoconutMilk: 2 cups;Eggplant: 1;Garlic: 4 cloves;Onions: 1;Ginger: 1 thumb;SilingLabuyo: 3 pieces;FishSauce: 2 tbsp;Tanglad: 2 stalks","1. Lightly fry fish, set aside.;2. Sauté garlic, onion, and ginger.;3. Pour coconut milk, add tanglad, simmer 5 minutes.;4. Add eggplant, simmer 5 minutes.;5. Add fish and chilies, add fish sauce, simmer 3 minutes.;6. Remove tanglad and serve.","['eggplant', 'lemongrass', 'onion', 'ginger', 'coconut_milk', 'fish', 'garlic', 'chili']"
Ginataang Kuhol,Bicolano,4,15 mins,25 mins,40 mins,ginataan,"CoconutMilk: 2 cups;Eggplant: 1;Garlic: 4 cloves;Onions: 1;Ginger: 1 thumb;SilingLabuyo: 5 pieces;FishSauce: 2 tbsp;Tanglad: 2 stalks","1. Sauté garlic, onion, and ginger.;2. Pour coconut milk, add tanglad, simmer 10 minutes.;3. Add eggplant, simmer 5 minutes.;4. Add fish sauce and chilies, cook 2 minutes.;5. Remove tanglad.;6. Serve hot.","['eggplant', 'lemongrass', 'onion', 'ginger', 'coconut_milk', 'fish', 'garlic', 'chili']"
Sinantol,Bicolano,4,15 mins,30 mins,45 mins,other,"Pork: 250g;Shrimp: 1/2 cup;CoconutMilk: 2 cups;SilingLabuyo: 5 pieces;Garlic: 4 cloves;Onions: 1;Ginger: 1 thumb","1. Sauté garlic, onion, and ginger.;2. Add pork and shrimp, cook until done.;3. Pour coconut milk, simmer 15 minutes.;4. Add chilies, cook 2 minutes.;5. Adjust seasoning.;6. Serve hot.","['shrimp', 'onion', 'ginger', 'pork', 'coconut_milk', 'garlic', 'chili']"
Tinolang Isda,Filipino,4,10 mins,25 mins,35 mins,tinola,"Fish: 4 pieces;Ginger: 1 thumb;Garlic: 4 cloves;Onions: 1;Tomato: 1;Papaya: 2 cups;Pechay: 1 bundle;FishSauce: 2 tbsp","1. Sauté ginger, garlic, onion, and tomato.;2. Add water and fish sauce, bring to boil.;3. Add papaya, cook 7 minutes.;4. Gently add fish, cook 10 minutes.;5. Add pechay, cook 2 minutes.;6. Serve hot.","['onion', 'ginger', 'fish', 'garlic', 'pechay', 'tomato', 'papaya']"
Ginataang Upo,Filipino,4,10 mins,20 mins,30 mins,ginataan,"Upo: 3 cups;Shrimp: 1/2 cup;CoconutMilk: 2 cups;Garlic: 4 cloves;Onions: 1;Ginger: 1 thumb;FishSauce: 2 tbsp","1. Sauté garlic, onion, and ginger.;2. Add shrimp, cook until pink.;3. Add upo, cook 3 minutes.;4. Pour coconut milk, simmer 10 minutes.;5. Season with fish sauce.;6. Serve hot.","['shrimp', 'onion', 'ginger', 'coconut_milk', 'fish', 'garlic']"
Ginataang Mais,Filipino,4,10 mins,20 mins,30 mins,ginataan,"Corn: 3 cups;CoconutMilk: 2 cups;Shrimp: 1/2 cup;Garlic: 4 cloves;Onions: 1;Ginger: 1 thumb;FishSauce: 2 tbsp","1. Sauté garlic, onion, and ginger.;2. Add shrimp, cook until pink.;3. Add corn, cook 3 minutes.;4. Pour coconut milk, simmer 10 minutes.;5. Season with fish sauce.;6. Serve hot.","['corn', 'shrimp', 'onion', 'ginger', 'coconut_milk', 'fish', 'garlic']"
Paksiw na Isda,Filipino,4,10 mins,20 mins,30 mins,paksiw,"Fish: 4 pieces;Ginger: 1 thumb;Garlic: 6 cloves;Onions: 1;Eggplant: 1;SilingLabuyo: 3 pieces;FishSauce: 2 tbsp;Pepper: 1 tsp","1. Layer ginger, garlic, and onion in pot.;2. Place fish on top, add eggplant.;3. Add water, fish sauce, and pepper, DO NOT STIR.;4. Bring to boil, simmer 15 minutes.;5. Add chilies, cook 2 minutes.;6. Serve hot.","['pepper', 'eggplant', 'onion', 'ginger', 'fish', 'garlic', 'chili']"
Paksiw na Pata,Filipino,6,15 mins,120 mins,135 mins,paksiw,"Pork: 1.5 kg pork hock;Garlic: 10 cloves;Onions: 2;SabaBanana: 3;Pechay: 1 bundle;Pepper: 2 tbsp;Salt: 1 tsp","1. Boil pork hock with garlic, onions, and pepper for 1.5 hours.;2. Add banana, cook 10 minutes.;3. Add pechay, cook 2 minutes.;4. Season with salt.;5. Let sauce thicken.;6. Serve hot.","['pepper', 'salt', 'onion', 'pork', 'banana', 'garlic', 'pechay']"
Inihaw na Liempo,Filipino,4,240 mins,20 mins,260 mins,inihaw,"Pork: 1 kg belly;Kalamansi: 10 pieces;Garlic: 10 cloves;Pepper: 2 tbsp;Salt: 2 tsp","1. Pound garlic with salt and pepper.;2. Rub mixture all over pork.;3. Add kalamansi juice and marinate 4 hours.;4. Grill over charcoal 20 minutes, turning often.;5. Let rest 5 minutes.;6. Slice and serve.","['pepper', 'salt', 'pork', 'garlic', 'kalamansi']"
Inihaw na Manok,Filipino,4,240 mins,30 mins,270 mins,inihaw,"Chicken: 1 kg;Kalamansi: 10 pieces;Garlic: 10 cloves;Ginger: 1 thumb;Pepper: 1 tbsp;Salt: 1 tsp","1. Mix kalamansi juice, garlic, ginger, pepper, and salt.;2. Marinate chicken 4 hours.;3. Grill over charcoal 30 minutes, turning often.;4. Baste with marinade.;5. Cook until done.;6. Serve hot.","['pepper', 'salt', 'chicken', 'ginger', 'garlic', 'kalamansi']"
Inihaw na Pusit,Filipino,4,30 mins,15 mins,45 mins,inihaw,"Squid: 1 kg;Kalamansi: 8 pieces;Garlic: 6 cloves;Ginger: 1 thumb;Pepper: 1 tsp;Salt: 1 tsp","1. Clean squid thoroughly.;2. Mix kalamansi juice, garlic, ginger, pepper, and salt.;3. Marinate squid 30 minutes.;4. Grill over charcoal 15 minutes.;5. Do not overcook.;6. Serve with dipping sauce.","['pepper', 'salt', 'ginger', 'garlic', 'kalamansi', 'squid']"
Inihaw na Isda,Filipino,4,30 mins,20 mins,50 mins,inihaw,"Fish: 4 pieces;Kalamansi: 6 pieces;Garlic: 6 cloves;Ginger: 1 thumb;Tomato: 2;Onions: 1;Pepper: 1 tsp;Salt: 1 tsp","1. Clean and score fish.;2. Stuff belly with tomato, onion, ginger, and garlic.;3. Rub with kalamansi, salt, and pepper.;4. Grill over charcoal 20 minutes, turning once.;5. Cook until skin is crispy.;6. Serve hot.","['pepper', 'salt', 'onion', 'ginger', 'fish', 'garlic', 'kalamansi', 'tomato']"
Inihaw na Hipon,Filipino,4,30 mins,10 mins,40 mins,inihaw,"Shrimp: 500g;Kalamansi: 6 pieces;Garlic: 6 cloves;Pepper: 1 tsp;Salt: 1 tsp","1. Clean shrimp, leave shells on.;2. Mix kalamansi juice, garlic, pepper, and salt.;3. Marinate 30 minutes.;4. Grill over charcoal 10 minutes.;5. Turn once when pink.;6. Serve immediately.","['pepper', 'salt', 'shrimp', 'garlic', 'kalamansi']"
Ginisang Ampalaya,Filipino,4,10 mins,15 mins,25 mins,other,"BitterMelon: 2;Egg: 2;Tomato: 1;Onions: 1;Garlic: 4 cloves;Shrimp: 1/2 cup;FishSauce: 1 tbsp","1. Sauté garlic, onion, and tomato.;2. Add shrimp, cook until pink.;3. Add bitter melon, cook 5 minutes.;4. Season with fish sauce.;5. Push to side, scramble eggs.;6. Mix and serve.","['shrimp', 'egg', 'onion', 'fish', 'garlic', 'tomato']"
Ginisang Upo,Filipino,4,10 mins,15 mins,25 mins,other,"Upo: 3 cups;Shrimp: 1/2 cup;Tomato: 1;Onions: 1;Garlic: 4 cloves;FishSauce: 1 tbsp","1. Sauté garlic, onion, and tomato.;2. Add shrimp, cook until pink.;3. Add upo, cook 10 minutes.;4. Season with fish sauce.;5. Add water if needed.;6. Serve hot.","['shrimp', 'onion', 'fish', 'garlic', 'tomato']"
Ginisang Patola,Filipino,4,10 mins,15 mins,25 mins,other,"SpongeGourd: 3 cups;Shrimp: 1/2 cup;Tomato: 1;Onions: 1;Garlic: 4 cloves;FishSauce: 1 tbsp","1. Sauté garlic, onion, and tomato.;2. Add shrimp, cook until pink.;3. Add sponge gourd, cook 10 minutes.;4. Season with fish sauce.;5. Add water if needed.;6. Serve hot.","['shrimp', 'onion', 'fish', 'garlic', 'tomato']"
Tortang Talong,Filipino,4,10 mins,15 mins,25 mins,torta,"Eggplant: 4;Egg: 4;Garlic: 4 cloves;Onions: 1;Tomato: 1;Salt: 1 tsp;Pepper: 1/2 tsp","1. Grill eggplant until soft, peel skin.;2. Flatten with fork.;3. Beat eggs with salt and pepper.;4. Dip eggplant in egg mixture.;5. Fry until golden on both sides.;6. Serve with ketchup or fish sauce.","['pepper', 'eggplant', 'salt', 'egg', 'onion', 'garlic', 'tomato']"
Tortang Giniling,Filipino,4,15 mins,20 mins,35 mins,torta,"Pork: 250g ground;Egg: 4;Onions: 1;Garlic: 4 cloves;Tomato: 1;Pepper: 1 tsp;Salt: 1 tsp","1. Sauté garlic, onion, and tomato.;2. Add ground pork, cook until brown.;3. Season with salt and pepper, cool.;4. Beat eggs, mix with cooked pork.;5. Fry patties until golden on both sides.;6. Serve hot.","['pepper', 'salt', 'egg', 'onion', 'pork', 'garlic', 'tomato']"
Pritong Isda,Filipino,4,10 mins,15 mins,25 mins,fried,"Fish: 4 pieces;Garlic: 6 cloves;Salt: 1 tsp;Pepper: 1 tsp","1. Clean and score fish.;2. Rub with salt and pepper.;3. Heat oil in pan.;4. Fry fish until golden and crispy on both sides.;5. Drain excess oil.;6. Serve with vinegar dip and tomatoes.","['fish', 'garlic', 'salt', 'pepper']"
Pritong Manok,Filipino,4,30 mins,30 mins,60 mins,fried,"Chicken: 1 kg pieces;Garlic: 8 cloves;Kalamansi: 6 pieces;Salt: 1 tsp;Pepper: 1 tsp","1. Marinate chicken with kalamansi, garlic, salt, and pepper for 30 minutes.;2. Heat oil in pan.;3. Fry chicken pieces until golden brown.;4. Cover and cook through, about 25 minutes.;5. Drain excess oil.;6. Serve hot with rice.","['pepper', 'salt', 'chicken', 'garlic', 'kalamansi']"
Pritong Talong,Filipino,4,5 mins,15 mins,20 mins,fried,"Eggplant: 4;Garlic: 4 cloves crushed;Salt: 1 tsp","1. Slice eggplant lengthwise or in rounds.;2. Sprinkle with salt.;3. Heat oil in pan.;4. Fry eggplant until golden and soft.;5. Add crushed garlic while frying.;6. Drain and serve.","['salt', 'garlic', 'eggplant']"
Ensaladang Talong,Filipino,4,15 mins,10 mins,25 mins,salad,"Eggplant: 4;Tomato: 2;Onions: 1;FishSauce: 2 tbsp;Kalamansi: 4 pieces","1. Grill eggplant until soft.;2. Peel and chop roughly.;3. Chop tomatoes and onions.;4. Mix vegetables together.;5. Season with fish sauce and kalamansi juice.;6. Serve as side dish.","['eggplant', 'onion', 'fish', 'kalamansi', 'tomato']"
Ensaladang Pipino,Filipino,4,10 mins,0 mins,10 mins,salad,"Tomato: 3;Onions: 1;FishSauce: 2 tbsp;Kalamansi: 4 pieces;SilingLabuyo: 2 pieces","1. Slice tomatoes and onions thinly.;2. Chop chilies.;3. Mix vegetables in bowl.;4. Season with fish sauce and kalamansi juice.;5. Let sit 10 minutes.;6. Serve as side dish.","['onion', 'fish', 'chili', 'kalamansi', 'tomato']"
Sinaing na Isda,Filipino,4,10 mins,30 mins,40 mins,sinaing,"Fish: 4 pieces;Ginger: 1 thumb;Garlic: 8 cloves;Tomato: 2;SilingLabuyo: 4 pieces;FishSauce: 2 tbsp;Pepper: 1 tsp","1. Layer ginger and garlic in pot.;2. Place fish on top.;3. Add tomatoes and chilies.;4. Add fish sauce, pepper, and little water.;5. Cover and simmer 30 minutes.;6. Serve hot.","['pepper', 'ginger', 'fish', 'garlic', 'chili', 'tomato']"
Sinaing na Tulingan,Filipino,4,10 mins,45 mins,55 mins,sinaing,"Fish: 4 pieces tulingan;Ginger: 1 thumb;Garlic: 10 cloves;SilingLabuyo: 6 pieces;FishSauce: 3 tbsp;Pepper: 1 tsp","1. Layer ginger and garlic in pot.;2. Arrange fish in pot.;3. Add chilies, fish sauce, and pepper.;4. Add water to half-cover fish.;5. Simmer 45 minutes until sauce is thick.;6. Serve hot.","['pepper', 'ginger', 'fish', 'garlic', 'chili']"
Pinaputok na Tilapia,Filipino,4,15 mins,20 mins,35 mins,other,"Fish: 4 tilapia;Tomato: 2;Onions: 1;Ginger: 1 thumb;SilingLabuyo: 4 pieces;FishSauce: 2 tbsp;Kalamansi: 4 pieces","1. Score fish and season with salt.;2. Stuff with tomato, onion, ginger, and chilies.;3. Wrap each fish in foil or banana leaves.;4. Grill or bake 20 minutes.;5. Open and drizzle with fish sauce and kalamansi.;6. Serve hot.","['onion', 'ginger', 'fish', 'chili', 'kalamansi', 'tomato']"
Relyenong Manok,Filipino,6,45 mins,90 mins,135 mins,stuffed,"Chicken: 1 whole;Pork: 250g ground;Egg: 2;Garlic: 6 cloves;Onions: 1;Pepper: 1 tsp;Salt: 1 tsp","1. Debone chicken carefully, keeping skin intact.;2. Mix ground pork, eggs, garlic, onions, salt, and pepper.;3. Stuff mixture inside chicken.;4. Sew or tie opening.;5. Roast or bake 1.5 hours until golden.;6. Slice and serve.","['pepper', 'salt', 'chicken', 'egg', 'onion', 'pork', 'garlic']"
Relyenong Bangus,Filipino,4,30 mins,30 mins,60 mins,stuffed,"Fish: 2 large milkfish;Tomato: 2;Onions: 1;Garlic: 6 cloves;Egg: 1;Pepper: 1 tsp;Salt: 1 tsp","1. Carefully remove fish meat, keeping skin intact.;2. Flake fish meat and mix with chopped tomato, onion, garlic, egg, salt, and pepper.;3. Stuff mixture back into fish skin.;4. Wrap in foil or banana leaves.;5. Grill or bake 30 minutes.;6. Slice and serve.","['pepper', 'salt', 'egg', 'onion', 'fish', 'garlic', 'tomato']"
Sinuglaw,Visayan,4,20 mins,10 mins,30 mins,raw_salad,"Fish: 300g;Pork: 200g grilled;Onions: 2;Ginger: 1 thumb;SilingLabuyo: 5 pieces;Kalamansi: 8 pieces;FishSauce: 2 tbsp","1. Grill pork until crispy, chop into pieces.;2. Cube fresh fish and marinate in kalamansi juice 10 minutes.;3. Drain fish slightly.;4. Mix fish and pork with onions, ginger, and chilies.;5. Season with fish sauce and more kalamansi.;6. Serve cold.","['onion', 'ginger', 'pork', 'fish', 'chili', 'kalamansi']"
Kilawing Isda,Filipino,4,20 mins,0 mins,20 mins,raw_salad,"Fish: 500g fresh;Kalamansi: 12 pieces;Onions: 2;Ginger: 1 thumb;SilingLabuyo: 5 pieces;CoconutMilk: 1/2 cup;Salt: 1 tsp","1. Cube fresh fish.;2. Marinate in kalamansi juice 15 minutes.;3. Drain most liquid.;4. Add onions, ginger, chilies, and salt.;5. Mix in coconut milk.;6. Chill 30 minutes and serve.","['salt', 'onion', 'ginger', 'coconut_milk', 'fish', 'kalamansi', 'chili']"
Ginataang Gabi,Filipino,4,15 mins,25 mins,40 mins,ginataan,"TaroRoots: 3 cups cubed;CoconutMilk: 2 cups;Shrimp: 1/2 cup;Garlic: 4 cloves;Onions: 1;Ginger: 1 thumb;FishSauce: 2 tbsp;SilingLabuyo: 3 pieces","1. Sauté garlic, onion, and ginger.;2. Add shrimp, cook until pink.;3. Add taro, cook 5 minutes.;4. Pour coconut milk, simmer 15 minutes until taro is tender.;5. Add fish sauce and chilies.;6. Serve hot.","['shrimp', 'onion', 'ginger', 'coconut_milk', 'fish', 'garlic', 'chili', 'taro']"
Nilaga na Baka,Filipino,6,15 mins,120 mins,135 mins,nilaga,"Pork: 1 kg beef shank;Corn: 2 ears;Pumpkin: 2 cups;Pechay: 1 bundle;Onions: 1;Pepper: 1 tbsp;FishSauce: 3 tbsp","1. Boil beef in water 2 hours until tender.;2. Add onions and pepper.;3. Season with fish sauce.;4. Add corn, cook 10 minutes.;5. Add pumpkin, cook 10 minutes.;6. Add pechay, cook 2 minutes and serve.","['pepper', 'corn', 'onion', 'pork', 'fish', 'pechay', 'pumpkin']"
Nilaga na Baboy,Filipino,6,15 mins,90 mins,105 mins,nilaga,"Pork: 1 kg;Corn: 2 ears;Pumpkin: 2 cups;Pechay: 1 bundle;Onions: 1;Pepper: 1 tbsp;FishSauce: 3 tbsp","1. Boil pork in water 1 hour until tender.;2. Add onions and pepper.;3. Season with fish sauce.;4. Add corn, cook 10 minutes.;5. Add pumpkin, cook 10 minutes.;6. Add pechay, cook 2 minutes and serve.","['pepper', 'corn', 'onion', 'pork', 'fish', 'pechay', 'pumpkin']"
Sinigang na Isda,Filipino,4,15 mins,20 mins,35 mins,sinigang,"Fish: 4 pieces;Tomato: 2;Onions: 1;Okra: 8 pieces;Eggplant: 1;WaterSpinach: 1 bundle;SilingLabuyo: 2 pieces;FishSauce: 2 tbsp","1. Boil water with tomato and onion.;2. Add okra and eggplant, cook 5 minutes.;3. Season with fish sauce.;4. Gently add fish, cook 10 minutes.;5. Add water spinach and chilies, cook 1 minute.;6. Serve hot.","['eggplant', 'water', 'onion', 'fish', 'chili', 'okra', 'tomato']"
Pesang Isda,Filipino,4,15 mins,25 mins,40 mins,pesa,"Fish: 4 pieces;Ginger: 1 thumb;Garlic: 6 cloves;Onions: 1;Tomato: 2;Pechay: 1 bundle;FishSauce: 2 tbsp;Pepper: 1 tsp","1. Sauté ginger, garlic, and onion.;2. Add tomatoes, cook until soft.;3. Add water and fish sauce, bring to boil.;4. Add fish, simmer 15 minutes.;5. Add pechay and pepper, cook 2 minutes.;6. Serve hot.","['pepper', 'onion', 'ginger', 'fish', 'garlic', 'pechay', 'tomato']"
Caldereta,Filipino,6,20 mins,90 mins,110 mins,stew,"Beef: 1.5 kg;Potatoes: 3;Carrots: 2;Bell Pepper: 1;Tomato Sauce: 2 cups;Liver Spread: 1/2 cup;Cheese: 1/4 cup;Green Olives: 1/4 cup;Garlic: 6 cloves;Onion: 1;Bay Leaves: 2;Water: 2 cups;Oil: 2 tbsp","1. Brown beef in oil.;2. Sauté garlic, onion, and beef.;3. Add tomato sauce, liver spread, bay leaves, and water. Simmer 60-90 mins.;4. Add potatoes and carrots, cook 15 mins.;5. Add bell pepper, olives, and cheese. Cook 5 mins.;6. Serve hot.","['beef','potatoes','carrots','bell pepper','tomato sauce','liver spread','cheese','green olives','garlic','onion','bay leaves','water','oil']"
Chopsuey,Filipino,5,15 mins,10 mins,25 mins,stir-fry,"Pork: 250g;Cauliflower: 1 cup;Carrots: 1 cup;Cabbage: 2 cups;Snow Peas: 1 cup;Bell Pepper: 1;Broccoli: 1 cup;Garlic: 4 cloves;Onion: 1;Oyster Sauce: 3 tbsp;Soy Sauce: 1 tbsp;Chicken Broth: 1 cup;Cornstarch: 1 tbsp;Oil: 2 tbsp","1. Sauté garlic, onion, and pork until cooked.;2. Add carrots, cauliflower, broccoli. Stir-fry 3 mins.;3. Add broth, oyster sauce, soy sauce. Simmer 5 mins.;4. Add cabbage, bell pepper, snow peas. Cook 2 mins.;5. Thicken with cornstarch slurry.;6. Serve immediately.","['pork','cauliflower','carrots','cabbage','snow peas','bell pepper','broccoli','garlic','onion','oyster sauce','soy sauce','chicken broth','cornstarch','oil']"
Ginisang Gulay,Filipino,4,10 mins,15 mins,25 mins,stir-fry,"Ground Pork: 250g;Squash: 2 cups;String Beans: 1 cup;Eggplant: 2;Tomatoes: 2;Garlic: 4 cloves;Onion: 1;Fish Sauce: 1 tbsp;Oil: 2 tbsp;Water: 1/2 cup","1. Sauté garlic, onion, and tomatoes.;2. Add ground pork, cook until brown.;3. Add squash and water, simmer 5 mins.;4. Add string beans and eggplant, cook 7 mins.;5. Season with fish sauce.;6. Serve hot.","['ground pork','squash','string beans','eggplant','tomatoes','garlic','onion','fish sauce','oil','water']"
Kare-Kare,Filipino,6,30 mins,180 mins,210 mins,stew,"Oxtail: 1 kg;Peanut Butter: 1 cup;Eggplant: 2;String Beans: 2 cups;Bok Choy: 1 bundle;Banana Blossom: 1;Garlic: 6 cloves;Onion: 1;Anatto Water: 1/2 cup;Rice Flour: 2 tbsp;Water: 8 cups;Shrimp Paste: to serve","1. Boil oxtail in water for 2-3 hours until tender.;2. Sauté garlic and onion.;3. Add oxtail and 4 cups broth.;4. Stir in peanut butter and rice flour.;5. Add annatto water for color.;6. Add vegetables and cook until tender.;7. Serve with shrimp paste.","['oxtail','peanut butter','eggplant','string beans','bok choy','banana blossom','garlic','onion','annatto water','rice flour','water','shrimp paste']"
Pancit Canton,Filipino,6,20 mins,15 mins,35 mins,noodles,"Pancit Canton Noodles: 500g;Pork: 200g;Shrimp: 1 cup;Cabbage: 2 cups;Carrots: 1 cup;Celery: 1 cup;Snow Peas: 1 cup;Onion: 1;Garlic: 4 cloves;Oyster Sauce: 3 tbsp;Soy Sauce: 2 tbsp;Chicken Broth: 2 cups;Oil: 3 tbsp","1. Soak noodles in warm water.;2. Sauté garlic, onion, pork, and shrimp.;3. Add vegetables and stir-fry.;4. Add broth, oyster sauce, and soy sauce.;5. Add noodles and cook until liquid is absorbed.;6. Serve hot.","['pancit canton noodles','pork','shrimp','cabbage','carrots','celery','snow peas','onion','garlic','oyster sauce','soy sauce','chicken broth','oil']"
Paksiw na Isda,Filipino,4,10 mins,20 mins,30 mins,paksiw,"Fish: 4 pieces;Ginger: 1 thumb;Garlic: 6 cloves;Onions: 1;Eggplant: 1;Chili Peppers: 3 pieces;Vinegar: 1/2 cup;Water: 1 cup;Fish Sauce: 2 tbsp;Pepper: 1 tsp","1. Layer ginger, garlic, and onion in pot.;2. Place fish on top.;3. Add eggplant and chili peppers.;4. Pour vinegar, water, and fish sauce. DO NOT STIR.;5. Bring to boil, simmer 15 minutes.;6. Season with pepper and serve.","['fish','ginger','garlic','onions','eggplant','chili peppers','vinegar','water','fish sauce','pepper']"
Menudo,Filipino,6,20 mins,60 mins,80 mins,stew,"Pork: 500g cubed;Liver: 200g;Potatoes: 3;Carrots: 2;Raisins: 1/4 cup;Green Peas: 1/2 cup;Tomato Sauce: 1 cup;Garlic: 4 cloves;Onion: 1;Fish Sauce: 1 tbsp;Oil: 2 tbsp","1. Sauté garlic and onion.;2. Brown pork and liver.;3. Add tomato sauce and water, simmer 40 mins.;4. Add potatoes and carrots, cook 15 mins.;5. Add raisins and green peas, cook 5 mins.;6. Serve hot.","['pork','liver','potatoes','carrots','raisins','green peas','tomato sauce','garlic','onion','fish sauce','oil']"
Afritada,Filipino,6,15 mins,60 mins,75 mins,stew,"Chicken: 1 kg;Potatoes: 3;Carrots: 2;Bell Pepper: 1;Tomato Sauce: 1.5 cups;Garlic: 4 cloves;Onion: 1;Fish Sauce: 1 tbsp;Oil: 2 tbsp","1. Sauté garlic and onion.;2. Brown chicken pieces.;3. Add tomato sauce and water, simmer 30 mins.;4. Add potatoes and carrots, cook 20 mins.;5. Add bell pepper, cook 5 mins.;6. Serve with rice.","['chicken','potatoes','carrots','bell pepper','tomato sauce','garlic','onion','fish sauce','oil']"
Mechado,Filipino,6,20 mins,120 mins,140 mins,stew,"Beef: 1.5 kg;Potatoes: 3;Carrots: 2;Tomato Sauce: 2 cups;Soy Sauce: 1/4 cup;Bay Leaves: 3;Garlic: 6 cloves;Onion: 1;Oil: 3 tbsp","1. Brown beef in oil.;2. Sauté garlic and onion.;3. Add tomato sauce, soy sauce, bay leaves, and water.;4. Simmer 90 mins until beef is tender.;5. Add potatoes and carrots, cook 20 mins.;6. Serve hot.","['beef','potatoes','carrots','tomato sauce','soy sauce','bay leaves','garlic','onion','oil']"
Bulalo,Filipino,6,15 mins,180 mins,195 mins,soup,"Beef Shanks: 1.5 kg;Corn: 3 ears;Cabbage: 1/2 head;Potatoes: 3;Onions: 2;Peppercorns: 1 tbsp;Fish Sauce: 2 tbsp","1. Boil beef shanks in water for 2 hours.;2. Add onions and peppercorns.;3. Add corn, cook 30 mins.;4. Add potatoes, cook 20 mins.;5. Add cabbage and fish sauce, cook 5 mins.;6. Serve hot.","['beef shanks','corn','cabbage','potatoes','onions','peppercorns','fish sauce']"
Batchoy,Ilonggo,4,20 mins,30 mins,50 mins,noodle soup,"Noodles: 400g;Pork: 300g;Liver: 200g;Shrimp: 1/2 cup;Garlic: 8 cloves;Onion: 1;Chicken Broth: 8 cups;Egg: 4;Spring Onions: for garnish","1. Sauté garlic until golden, set aside for topping.;2. Sauté onion, pork, and liver.;3. Add broth and simmer 20 mins.;4. Cook noodles separately.;5. Assemble: noodles in bowl, pour hot soup, top with egg, garlic, and spring onions.;6. Serve immediately.","['noodles','pork','liver','shrimp','garlic','onion','chicken broth','egg','spring onions']"
Arroz Caldo,Filipino,6,15 mins,60 mins,75 mins,rice porridge,"Chicken: 1 kg;Rice: 2 cups;Ginger: 2 thumbs;Garlic: 8 cloves;Onion: 1;Fish Sauce: 2 tbsp;Safflower: 1 tsp;Spring Onions: for garnish","1. Sauté ginger, garlic, and onion.;2. Add chicken and brown.;3. Add rice and stir for 2 mins.;4. Add water and safflower, simmer 45 mins.;5. Season with fish sauce.;6. Garnish with spring onions and fried garlic.","['chicken','rice','ginger','garlic','onion','fish sauce','safflower','spring onions']"
Lugaw,Filipino,6,10 mins,45 mins,55 mins,rice porridge,"Rice: 2 cups;Ginger: 1 thumb;Garlic: 4 cloves;Chicken Broth: 10 cups;Spring Onions: for garnish;Fried Garlic: for topping","1. Sauté ginger and garlic.;2. Add rice and stir.;3. Add chicken broth and simmer 40 mins until thick.;4. Season with fish sauce or salt.;5. Garnish with spring onions and fried garlic.;6. Serve hot.","['rice','ginger','garlic','chicken broth','spring onions','fried garlic']"
Champorado,Filipino,4,5 mins,25 mins,30 mins,dessert porridge,"Rice: 1 cup;Cocoa: 1/2 cup;Sugar: 1/2 cup;Water: 5 cups;Evaporated Milk: for serving","1. Wash rice.;2. In pot, combine rice, cocoa, and water.;3. Bring to boil then simmer 20 mins.;4. Stir in sugar until dissolved.;5. Cook until thick.;6. Serve hot with evaporated milk.","['rice','cocoa','sugar','water','evaporated milk']"
Biko,Filipino,8,20 mins,60 mins,80 mins,kakanin,"Glutinous Rice: 2 cups;Coconut Milk: 4 cups;Brown Sugar: 2 cups;Latik: for topping","1. Cook rice with 2 cups coconut milk.;2. In another pan, caramelize sugar with remaining coconut milk.;3. Combine cooked rice with caramel sauce.;4. Transfer to banana leaf-lined tray.;5. Top with latik.;6. Cool and slice.","['glutinous rice','coconut milk','brown sugar','latik']"
Sapin-Sapin,Filipino,8,30 mins,45 mins,75 mins,kakanin,"Glutinous Rice Flour: 3 cups;Coconut Milk: 4 cups;Sugar: 2 cups;Ube: 1 cup;Langka: 1/2 cup;Food Coloring: purple & yellow","1. Mix rice flour, coconut milk, and sugar.;2. Divide into 3 portions.;3. Add ube to first, langka to second, food coloring to third.;4. Steam first layer 15 mins, then second, then third.;5. Cool completely.;6. Slice and serve with latik.","['glutinous rice flour','coconut milk','sugar','ube','langka','food coloring']"
Lechon Paksiw,Filipino,6,10 mins,30 mins,40 mins,paksiw,"Lechon: 500g;Vinegar: 1 cup;Sugar: 1/4 cup;Soy Sauce: 1/4 cup;Garlic: 8 cloves;Peppercorns: 1 tbsp;Bay Leaves: 3","1. Combine all ingredients in pot.;2. Bring to boil, then simmer 25 mins.;3. DO NOT STIR.;4. Sauce will thicken.;5. Adjust sweetness if needed.;6. Serve with rice.","['lechon','vinegar','sugar','soy sauce','garlic','peppercorns','bay leaves']"
Dinuguan,Filipino,6,20 mins,60 mins,80 mins,stew,"Pork: 1 kg;Vinegar: 1/2 cup;Pork Blood: 2 cups;Garlic: 6 cloves;Onion: 1;Chili Peppers: 5 pieces;Fish Sauce: 2 tbsp","1. Sauté garlic and onion.;2. Brown pork.;3. Add vinegar, DO NOT STIR for 5 mins.;4. Add water and simmer 30 mins.;5. Stir in pork blood slowly.;6. Add chilies and cook until thick.","['pork','vinegar','pork blood','garlic','onion','chili peppers','fish sauce']"
Crispy Pata,Filipino,6,240 mins,60 mins,300 mins,fried,"Pork Leg: 1 whole;Garlic: 1 head;Bay Leaves: 5;Peppercorns: 2 tbsp;Oil: for deep frying","1. Boil pork with garlic, bay leaves, and peppercorns for 3 hours.;2. Drain and dry completely.;3. Deep fry until golden and crispy.;4. Drain excess oil.;5. Serve with soy-vinegar dip.;6. Carve at table.","['pork leg','garlic','bay leaves','peppercorns','oil']"
Sisig,Kapampangan,4,30 mins,20 mins,50 mins,sizzling plate,"Pork Face: 500g;Liver: 200g;Onion: 1;Chili Peppers: 5 pieces;Calamansi: 6 pieces;Mayonnaise: 1/4 cup;Egg: 1","1. Boil pork face and liver until tender.;2. Grill then chop finely.;3. Sauté onion and chilies.;4. Add chopped pork and liver.;5. Add calamansi juice and mayonnaise.;6. Top with egg on sizzling plate.","['pork face','liver','onion','chili peppers','calamansi','mayonnaise','egg']"
Tokwa't Baboy,Filipino,4,15 mins,20 mins,35 mins,appetizer,"Tofu: 4 blocks;Pork Ears: 300g;Onion: 1;Soy Sauce: 1/4 cup;Vinegar: 1/4 cup;Sugar: 1 tbsp;Garlic: 4 cloves","1. Boil pork ears until tender, slice.;2. Fry tofu until golden, cube.;3. Combine soy sauce, vinegar, sugar, and garlic for sauce.;4. Mix tofu and pork ears with onion.;5. Pour sauce over.;6. Serve cold or at room temperature.","['tofu','pork ears','onion','soy sauce','vinegar','sugar','garlic']"
Pork Barbecue,Filipino,6,60 mins,20 mins,80 mins,inihaw,"Pork Shoulder: 1 kg;Soy Sauce: 1/2 cup;Kalamansi: 10 pieces;Sugar: 1/4 cup;Garlic: 8 cloves;Banana Ketchup: 1/4 cup","1. Slice pork into thin strips.;2. Mix marinade: soy sauce, kalamansi, sugar, garlic, ketchup.;3. Marinate pork 1 hour.;4. Skewer meat.;5. Grill over charcoal 15-20 mins.;6. Baste with marinade while grilling.","['pork shoulder','soy sauce','kalamansi','sugar','garlic','banana ketchup']"
Bistek Tagalog,Filipino,4,15 mins,20 mins,35 mins,beef dish,"Beef Sirloin: 500g;Soy Sauce: 1/2 cup;Calamansi: 8 pieces;Onions: 2;Garlic: 4 cloves;Oil: 2 tbsp","1. Marinate beef in soy sauce and calamansi for 30 mins.;2. Sauté garlic and onions, set aside.;3. Fry beef quickly in hot oil.;4. Add marinade and simmer 10 mins.;5. Add back onions.;6. Serve with rice.","['beef sirloin','soy sauce','calamansi','onions','garlic','oil']"
Beef Morcon,Filipino,8,45 mins,120 mins,165 mins,rolled meat,"Beef Round: 1 large slice;Ham: 200g;Hotdogs: 4;Pickles: 1/4 cup;Cheese: 200g;Carrots: 2;Tomato Sauce: 2 cups","1. Flatten beef slice.;2. Layer ham, hotdogs, pickles, cheese, carrots.;3. Roll tightly and tie with string.;4. Brown in oil.;5. Simmer in tomato sauce for 2 hours.;6. Slice and serve with sauce.","['beef round','ham','hotdogs','pickles','cheese','carrots','tomato sauce']"
Pancit Malabon,Filipino,6,30 mins,20 mins,50 mins,noodles,"Thick Noodles: 500g;Shrimp: 2 cups;Squid: 300g;Pork: 200g;Shrimp Sauce: 1 cup;Atsuete Oil: 1/4 cup;Spring Onions: for garnish","1. Cook noodles according to package.;2. Sauté pork, shrimp, and squid.;3. Add shrimp sauce and atsuete oil.;4. Combine with noodles.;5. Garnish with spring onions, boiled eggs, and chicharon.;6. Serve with calamansi.","['thick noodles','shrimp','squid','pork','shrimp sauce','atsuete oil','spring onions']"
Pancit Palabok,Filipino,6,30 mins,20 mins,50 mins,noodles,"Rice Noodles: 500g;Shrimp Sauce: 2 cups;Pork: 300g;Shrimp: 1 cup;Tofu: 200g;Chicharon: 1 cup;Hard-boiled Eggs: 4","1. Cook noodles, set aside.;2. Make sauce: sauté pork, add shrimp sauce and water.;3. Thicken with cornstarch.;4. Pour sauce over noodles.;5. Top with shrimp, tofu, chicharon, and eggs.;6. Garnish with spring onions.","['rice noodles','shrimp sauce','pork','shrimp','tofu','chicharon','hard-boiled eggs']"
Lumpiang Shanghai,Filipino,8,40 mins,20 mins,60 mins,spring rolls,"Ground Pork: 500g;Carrots: 2;Onion: 1;Garlic: 4 cloves;Spring Roll Wrappers: 50 pieces;Egg: 1;Oil: for frying","1. Mix pork, grated carrots, onion, garlic, and egg.;2. Wrap in spring roll wrappers.;3. Heat oil to medium-high.;4. Fry until golden brown.;5. Drain on paper towels.;6. Serve with sweet and sour sauce.","['ground pork','carrots','onion','garlic','spring roll wrappers','egg','oil']"
Lumpiang Sariwa,Filipino,6,30 mins,20 mins,50 mins,fresh spring rolls,"Jicama: 2 cups;Carrots: 2;Green Beans: 1 cup;Tofu: 200g;Lettuce Leaves: 12;Spring Roll Wrappers: 12;Garlic: 4 cloves","1. Sauté garlic and vegetables.;2. Add tofu and cook until tender.;3. Make peanut sauce.;4. Soften wrappers in water.;5. Wrap vegetables in lettuce then wrapper.;6. Serve with peanut sauce.","['jicama','carrots','green beans','tofu','lettuce leaves','spring roll wrappers','garlic']"
